oasis_id,sex,educ,"1, White/Caucasian | 2, Black or African American | American Indian or Alaska Native, American Indian or Alaska Native | Native Hawaiian or Other Pacific Islander, Native Hawaiian or Other Pacific Islander | Asian, Asian | AsianOther, Other | Unknown, Unknown",hispanic
OAS42000,Female,Unknown,White/Caucasian,Unknown
OAS42001,Male,Post Graduate,White/Caucasian,Non-Hispanic
OAS42002,Male,Post Graduate,White/Caucasian,Non-Hispanic
OAS42003,Female,High School,White/Caucasian,Non-Hispanic
OAS42004,Female,High School,White/Caucasian,Non-Hispanic
OAS42006,Female,High School,White/Caucasian,Non-Hispanic
OAS42007,Male,Unknown,White/Caucasian,Non-Hispanic
OAS42009,Female,High School,White/Caucasian,Non-Hispanic
OAS42010,Female,High School,White/Caucasian,Non-Hispanic
OAS42011,Female,High School,White/Caucasian,Non-Hispanic
OAS42012,Male,College,White/Caucasian,Non-Hispanic
OAS42013,Male,Post Graduate,White/Caucasian,Non-Hispanic
OAS42014,Female,High School,American Indian or Alaska Native,Hispanic/Latino
OAS42015,Male,College,White/Caucasian,Non-Hispanic
OAS42016,Female,Unknown,White/Caucasian,Hispanic/Latino
OAS42017,Male,College,White/Caucasian,Non-Hispanic
OAS42019,Female,Unknown,White/Caucasian,Non-Hispanic
OAS42020,Male,High School,White/Caucasian,Non-Hispanic
OAS42022,Female,High School,White/Caucasian,Non-Hispanic
OAS42023,Female,High School,White/Caucasian,Non-Hispanic
OAS42024,Male,Unknown,White/Caucasian,Hispanic/Latino
OAS42025,Female,Grade School,White/Caucasian,Non-Hispanic
OAS42026,Male,Post Graduate,White/Caucasian,Non-Hispanic
OAS42027,Female,Post Graduate,White/Caucasian,Non-Hispanic
OAS42028,Female,High School,White/Caucasian,Non-Hispanic
OAS42029,Male,Post Graduate,White/Caucasian,Unknown
OAS42030,Female,High School,Black or African American,Unknown
OAS42032,Female,High School,White/Caucasian,Unknown
OAS42033,Female,High School,White/Caucasian,Non-Hispanic
OAS42034,Female,High School,Black or African American,Non-Hispanic
OAS42035,Male,College,White/Caucasian,Non-Hispanic
OAS42036,Male,High School,Black or African American,Non-Hispanic
OAS42037,Female,College,White/Caucasian,Non-Hispanic
OAS42038,Female,Post Graduate,White/Caucasian,Non-Hispanic
OAS42040,Male,College,White/Caucasian,Non-Hispanic
OAS42041,Male,Unknown,White/Caucasian,Non-Hispanic
OAS42042,Male,Unknown,Asian,Non-Hispanic
OAS42043,Female,Post Graduate,White/Caucasian,Non-Hispanic
OAS42044,Female,High School,White/Caucasian,Unknown
OAS42045,Male,High School,White/Caucasian,Non-Hispanic
OAS42046,Female,High School,White/Caucasian,Unknown
OAS42047,Female,Post Graduate,White/Caucasian,Non-Hispanic
OAS42048,Male,College,AsianOther,Non-Hispanic
OAS42049,Male,High School,White/Caucasian,Non-Hispanic
OAS42050,Male,College,White/Caucasian,Non-Hispanic
OAS42051,Male,High School,White/Caucasian,Non-Hispanic
OAS42052,Male,High School,White/Caucasian,Non-Hispanic
OAS42053,Female,High School,Black or African American,Unknown
OAS42054,Female,High School,White/Caucasian,Non-Hispanic
OAS42055,Female,College,Black or African American,Non-Hispanic
OAS42056,Female,Post Graduate,White/Caucasian,Non-Hispanic
OAS42057,Male,High School,Black or African American,Non-Hispanic
OAS42058,Female,High School,Native Hawaiian or Other Pacific Islander,Hispanic/Latino
OAS42059,Female,High School,White/Caucasian,Non-Hispanic
OAS42060,Male,High School,White/Caucasian,Non-Hispanic
OAS42061,Female,Post Graduate,White/Caucasian,Non-Hispanic
OAS42062,Male,High School,White/Caucasian,Non-Hispanic
OAS42063,Male,High School,White/Caucasian,Non-Hispanic
OAS42064,Male,High School,White/Caucasian,Non-Hispanic
OAS42065,Male,High School,White/Caucasian,Non-Hispanic
OAS42066,Female,Grade School,White/Caucasian,Non-Hispanic
OAS42067,Female,Post Graduate,Asian,Non-Hispanic
OAS42068,Male,Post Graduate,White/Caucasian,Non-Hispanic
OAS42069,Male,College,White/Caucasian,Non-Hispanic
OAS42070,Female,High School,White/Caucasian,Non-Hispanic
OAS42071,Male,Unknown,White/Caucasian,Non-Hispanic
OAS42072,Male,High School,White/Caucasian,Non-Hispanic
OAS42073,Male,Post Graduate,Black or African American,Non-Hispanic
OAS42074,Male,Post Graduate,White/Caucasian,Non-Hispanic
OAS42075,Female,High School,Asian,Non-Hispanic
OAS42076,Male,High School,White/Caucasian,Non-Hispanic
OAS42077,Male,Post Graduate,White/Caucasian,Non-Hispanic
OAS42078,Female,High School,White/Caucasian,Non-Hispanic
OAS42079,Female,Post Graduate,White/Caucasian,Non-Hispanic
OAS42080,Female,High School,White/Caucasian,Non-Hispanic
OAS42082,Female,College,White/Caucasian,Non-Hispanic
OAS42083,Male,Post Graduate,White/Caucasian,Non-Hispanic
OAS42084,Male,College,White/Caucasian,Non-Hispanic
OAS42085,Male,Post Graduate,White/Caucasian,Non-Hispanic
OAS42086,Male,Post Graduate,White/Caucasian,Non-Hispanic
OAS42087,Female,College,White/Caucasian,Non-Hispanic
OAS42089,Male,High School,White/Caucasian,Non-Hispanic
OAS42090,Female,Post Graduate,White/Caucasian,Non-Hispanic
OAS42091,Male,Post Graduate,White/Caucasian,Non-Hispanic
OAS42092,Male,College,White/Caucasian,Non-Hispanic
OAS42093,Male,Post Graduate,AsianOther,Non-Hispanic
OAS42094,Female,High School,White/Caucasian,Non-Hispanic
OAS42095,Male,College,White/Caucasian,Non-Hispanic
OAS42096,Male,Post Graduate,Black or African American,Non-Hispanic
OAS42097,Female,Grade School,Black or African American,Non-Hispanic
OAS42098,Female,Unknown,White/Caucasian,Non-Hispanic
OAS42100,Male,College,White/Caucasian,Non-Hispanic
OAS42102,Male,Post Graduate,White/Caucasian,Non-Hispanic
OAS42103,Female,College,White/Caucasian,Unknown
OAS42104,Female,High School,White/Caucasian,Non-Hispanic
OAS42105,Female,Post Graduate,White/Caucasian,Non-Hispanic
OAS42106,Male,Grade School,White/Caucasian,Non-Hispanic
OAS42108,Female,College,Black or African American,Non-Hispanic
OAS42109,Male,Unknown,White/Caucasian,Non-Hispanic
OAS42110,Female,College,White/Caucasian,Non-Hispanic
OAS42111,Male,Post Graduate,White/Caucasian,Non-Hispanic
OAS42112,Male,College,White/Caucasian,Non-Hispanic
OAS42113,Male,Post Graduate,White/Caucasian,Non-Hispanic
OAS42114,Female,College,White/Caucasian,Unknown
OAS42116,Male,Unknown,White/Caucasian,Non-Hispanic
OAS42117,Female,College,White/Caucasian,Non-Hispanic
OAS42118,Female,College,White/Caucasian,Non-Hispanic
OAS42119,Male,High School,White/Caucasian,Non-Hispanic
OAS42120,Female,Unknown,White/Caucasian,Non-Hispanic
OAS42122,Female,Post Graduate,White/Caucasian,Non-Hispanic
OAS42123,Female,Post Graduate,White/Caucasian,Non-Hispanic
OAS42124,Female,Unknown,White/Caucasian,Unknown
OAS42125,Male,Post Graduate,White/Caucasian,Non-Hispanic
OAS42126,Female,High School,White/Caucasian,Non-Hispanic
OAS42128,Male,Post Graduate,White/Caucasian,Non-Hispanic
OAS42129,Female,High School,White/Caucasian,Non-Hispanic
OAS42130,Male,Post Graduate,White/Caucasian,Unknown
OAS42132,Female,College,White/Caucasian,Non-Hispanic
OAS42133,Male,Post Graduate,White/Caucasian,Non-Hispanic
OAS42134,Female,College,Black or African American,Non-Hispanic
OAS42135,Male,College,White/Caucasian,Non-Hispanic
OAS42136,Female,High School,White/Caucasian,Unknown
OAS42137,Female,College,White/Caucasian,Non-Hispanic
OAS42139,Male,Post Graduate,White/Caucasian,Non-Hispanic
OAS42140,Male,College,White/Caucasian,Non-Hispanic
OAS42141,Female,Grade School,White/Caucasian,Non-Hispanic
OAS42142,Male,Post Graduate,White/Caucasian,Non-Hispanic
OAS42143,Male,High School,White/Caucasian,Non-Hispanic
OAS42144,Female,College,White/Caucasian,Non-Hispanic
OAS42145,Male,High School,White/Caucasian,Non-Hispanic
OAS42146,Male,Unknown,White/Caucasian,Non-Hispanic
OAS42147,Male,College,White/Caucasian,Non-Hispanic
OAS42148,Female,High School,White/Caucasian,Non-Hispanic
OAS42149,Male,Unknown,White/Caucasian,Non-Hispanic
OAS42150,Male,Post Graduate,White/Caucasian,Non-Hispanic
OAS42151,Male,High School,White/Caucasian,Non-Hispanic
OAS42152,Female,College,White/Caucasian,Non-Hispanic
OAS42153,Male,College,White/Caucasian,Non-Hispanic
OAS42154,Male,High School,Black or African American,Non-Hispanic
OAS42156,Male,Post Graduate,White/Caucasian,Non-Hispanic
OAS42157,Female,College,White/Caucasian,Non-Hispanic
OAS42158,Male,Post Graduate,Black or African American,Unknown
OAS42159,Female,Grade School,Black or African American,Non-Hispanic
OAS42160,Male,Post Graduate,Asian,Non-Hispanic
OAS42161,Male,High School,White/Caucasian,Non-Hispanic
OAS42162,Male,Unknown,White/Caucasian,Non-Hispanic
OAS42163,Female,College,American Indian or Alaska Native,Non-Hispanic
OAS42164,Male,Post Graduate,White/Caucasian,Non-Hispanic
OAS42165,Male,Post Graduate,Black or African American,Non-Hispanic
OAS42166,Male,Unknown,White/Caucasian,Non-Hispanic
OAS42167,Male,College,White/Caucasian,Non-Hispanic
OAS42168,Female,High School,White/Caucasian,Non-Hispanic
OAS42169,Female,Unknown,Black or African American,Non-Hispanic
OAS42170,Female,Post Graduate,White/Caucasian,Non-Hispanic
OAS42171,Male,High School,White/Caucasian,Non-Hispanic
OAS42172,Female,High School,Asian,Non-Hispanic
OAS42173,Male,Unknown,White/Caucasian,Non-Hispanic
OAS42174,Male,Grade School,White/Caucasian,Non-Hispanic
OAS42175,Male,Unknown,White/Caucasian,Non-Hispanic
OAS42176,Male,Unknown,AsianOther,Non-Hispanic
OAS42177,Female,High School,White/Caucasian,Non-Hispanic
OAS42178,Female,College,AsianOther,Non-Hispanic
OAS42179,Male,Post Graduate,White/Caucasian,Unknown
OAS42180,Female,High School,Black or African American,Non-Hispanic
OAS42181,Male,Post Graduate,White/Caucasian,Non-Hispanic
OAS42182,Female,College,White/Caucasian,Non-Hispanic
OAS42183,Female,High School,White/Caucasian,Unknown
OAS42184,Female,High School,White/Caucasian,Non-Hispanic
OAS42185,Male,High School,White/Caucasian,Non-Hispanic
OAS42187,Male,College,White/Caucasian,Non-Hispanic
OAS42188,Male,High School,White/Caucasian,Non-Hispanic
OAS42189,Male,Unknown,White/Caucasian,Non-Hispanic
OAS42190,Female,High School,White/Caucasian,Non-Hispanic
OAS42191,Female,College,White/Caucasian,Non-Hispanic
OAS42192,Female,College,White/Caucasian,Non-Hispanic
OAS42194,Female,College,White/Caucasian,Non-Hispanic
OAS42195,Female,High School,White/Caucasian,Non-Hispanic
OAS42196,Female,Unknown,Black or African American,Non-Hispanic
OAS42197,Male,Unknown,White/Caucasian,Non-Hispanic
OAS42198,Male,Unknown,Black or African American,Non-Hispanic
OAS42199,Female,Post Graduate,White/Caucasian,Non-Hispanic
OAS42200,Female,High School,Black or African American,Non-Hispanic
OAS42201,Female,High School,White/Caucasian,Non-Hispanic
OAS42202,Male,High School,White/Caucasian,Non-Hispanic
OAS42204,Female,College,White/Caucasian,Non-Hispanic
OAS42205,Male,High School,White/Caucasian,Non-Hispanic
OAS42206,Male,Post Graduate,White/Caucasian,Non-Hispanic
OAS42207,Female,Unknown,White/Caucasian,Non-Hispanic
OAS42208,Male,College,White/Caucasian,Non-Hispanic
OAS42209,Male,Post Graduate,White/Caucasian,Non-Hispanic
OAS42210,Male,College,White/Caucasian,Non-Hispanic
OAS42211,Female,High School,White/Caucasian,Non-Hispanic
OAS42212,Female,High School,Black or African American,Non-Hispanic
OAS42213,Male,Post Graduate,White/Caucasian,Non-Hispanic
OAS42214,Female,College,White/Caucasian,Non-Hispanic
OAS42215,Female,College,White/Caucasian,Non-Hispanic
OAS42216,Male,High School,White/Caucasian,Non-Hispanic
OAS42217,Male,Post Graduate,White/Caucasian,Non-Hispanic
OAS42218,Female,Unknown,White/Caucasian,Non-Hispanic
OAS42219,Male,Post Graduate,White/Caucasian,Non-Hispanic
OAS42220,Female,High School,Black or African American,Non-Hispanic
OAS42221,Male,College,White/Caucasian,Non-Hispanic
OAS42222,Female,High School,White/Caucasian,Non-Hispanic
OAS42223,Female,High School,Black or African American,Non-Hispanic
OAS42224,Female,High School,White/Caucasian,Non-Hispanic
OAS42225,Female,High School,White/Caucasian,Non-Hispanic
OAS42226,Male,High School,White/Caucasian,Non-Hispanic
OAS42227,Female,Post Graduate,White/Caucasian,Non-Hispanic
OAS42228,Male,College,White/Caucasian,Non-Hispanic
OAS42229,Male,Post Graduate,White/Caucasian,Non-Hispanic
OAS42230,Female,High School,White/Caucasian,Non-Hispanic
OAS42231,Female,College,Black or African American,Non-Hispanic
OAS42232,Male,High School,Black or African American,Non-Hispanic
OAS42233,Female,Post Graduate,Black or African American,Non-Hispanic
OAS42234,Male,College,Black or African American,Non-Hispanic
OAS42235,Male,College,White/Caucasian,Non-Hispanic
OAS42236,Male,College,White/Caucasian,Non-Hispanic
OAS42237,Female,Grade School,Black or African American,Non-Hispanic
OAS42238,Male,High School,White/Caucasian,Non-Hispanic
OAS42239,Male,High School,White/Caucasian,Non-Hispanic
OAS42240,Female,Post Graduate,White/Caucasian,Non-Hispanic
OAS42241,Female,College,White/Caucasian,Non-Hispanic
OAS42242,Female,Grade School,White/Caucasian,Non-Hispanic
OAS42243,Male,College,White/Caucasian,Non-Hispanic
OAS42244,Female,College,White/Caucasian,Non-Hispanic
OAS42245,Female,College,White/Caucasian,Non-Hispanic
OAS42246,Male,College,White/Caucasian,Non-Hispanic
OAS42247,Female,High School,Black or African American,Non-Hispanic
OAS42248,Male,Unknown,White/Caucasian,Non-Hispanic
OAS42249,Male,College,Asian,Non-Hispanic
OAS42250,Female,Grade School,Black or African American,Non-Hispanic
OAS42251,Female,High School,White/Caucasian,Non-Hispanic
OAS42252,Male,High School,White/Caucasian,Non-Hispanic
OAS42253,Male,Post Graduate,White/Caucasian,Non-Hispanic
OAS42255,Female,Grade School,Black or African American,Non-Hispanic
OAS42256,Male,High School,White/Caucasian,Non-Hispanic
OAS42257,Female,Unknown,Black or African American,Non-Hispanic
OAS42258,Male,High School,White/Caucasian,Non-Hispanic
OAS42260,Female,High School,White/Caucasian,Non-Hispanic
OAS42261,Female,College,Black or African American,Unknown
OAS42262,Female,High School,White/Caucasian,Non-Hispanic
OAS42263,Female,Unknown,White/Caucasian,Non-Hispanic
OAS42264,Male,High School,White/Caucasian,Non-Hispanic
OAS42265,Male,High School,White/Caucasian,Unknown
OAS42266,Female,College,White/Caucasian,Non-Hispanic
OAS42267,Male,Post Graduate,White/Caucasian,Non-Hispanic
OAS42268,Female,Post Graduate,White/Caucasian,Non-Hispanic
OAS42269,Female,Post Graduate,White/Caucasian,Non-Hispanic
OAS42270,Female,Post Graduate,White/Caucasian,Non-Hispanic
OAS42271,Female,College,White/Caucasian,Non-Hispanic
OAS42272,Female,High School,White/Caucasian,Unknown
OAS42273,Female,High School,White/Caucasian,Non-Hispanic
OAS42274,Female,Post Graduate,Black or African American,Non-Hispanic
OAS42275,Female,College,White/Caucasian,Non-Hispanic
OAS42276,Female,High School,White/Caucasian,Non-Hispanic
OAS42278,Female,Unknown,White/Caucasian,Unknown
OAS42279,Male,Post Graduate,White/Caucasian,Non-Hispanic
OAS42280,Female,Post Graduate,White/Caucasian,Non-Hispanic
OAS42283,Male,College,White/Caucasian,Non-Hispanic
OAS42285,Male,Unknown,White/Caucasian,Non-Hispanic
OAS42286,Female,Post Graduate,White/Caucasian,Unknown
OAS42287,Male,Post Graduate,White/Caucasian,Non-Hispanic
OAS42288,Female,College,Black or African American,Non-Hispanic
OAS42289,Female,High School,White/Caucasian,Non-Hispanic
OAS42290,Female,College,White/Caucasian,Hispanic/Latino
OAS42291,Female,Post Graduate,Black or African American,Non-Hispanic
OAS42292,Male,Post Graduate,White/Caucasian,Non-Hispanic
OAS42293,Male,High School,White/Caucasian,Non-Hispanic
OAS42294,Male,Post Graduate,White/Caucasian,Non-Hispanic
OAS42295,Female,High School,White/Caucasian,Non-Hispanic
OAS42296,Female,High School,White/Caucasian,Unknown
OAS42297,Female,High School,White/Caucasian,Non-Hispanic
OAS42298,Male,High School,White/Caucasian,Non-Hispanic
OAS42299,Male,High School,White/Caucasian,Non-Hispanic
OAS42300,Female,Post Graduate,White/Caucasian,Non-Hispanic
OAS42301,Male,College,White/Caucasian,Non-Hispanic
OAS42302,Female,High School,White/Caucasian,Unknown
OAS42303,Female,Post Graduate,White/Caucasian,Non-Hispanic
OAS42304,Female,College,White/Caucasian,Non-Hispanic
OAS42305,Male,Unknown,White/Caucasian,Non-Hispanic
OAS42306,Female,High School,White/Caucasian,Non-Hispanic
OAS42307,Male,High School,White/Caucasian,Non-Hispanic
OAS42308,Male,College,White/Caucasian,Non-Hispanic
OAS42309,Female,High School,White/Caucasian,Non-Hispanic
OAS42311,Female,College,White/Caucasian,Non-Hispanic
OAS42312,Male,College,White/Caucasian,Non-Hispanic
OAS42313,Female,High School,White/Caucasian,Unknown
OAS42314,Male,Post Graduate,White/Caucasian,Non-Hispanic
OAS42316,Female,College,White/Caucasian,Non-Hispanic
OAS42317,Female,High School,White/Caucasian,Non-Hispanic
OAS42318,Female,High School,White/Caucasian,Non-Hispanic
OAS42319,Male,High School,White/Caucasian,Unknown
OAS42320,Male,Post Graduate,White/Caucasian,Non-Hispanic
OAS42321,Male,Unknown,Black or African American,Non-Hispanic
OAS42322,Female,High School,Black or African American,Non-Hispanic
OAS42323,Female,College,White/Caucasian,Non-Hispanic
OAS42324,Male,College,White/Caucasian,Non-Hispanic
OAS42325,Male,High School,White/Caucasian,Non-Hispanic
OAS42326,Female,College,White/Caucasian,Non-Hispanic
OAS42327,Male,College,White/Caucasian,Non-Hispanic
OAS42328,Female,College,White/Caucasian,Non-Hispanic
OAS42329,Male,College,White/Caucasian,Non-Hispanic
OAS42330,Female,High School,White/Caucasian,Unknown
OAS42331,Female,Post Graduate,White/Caucasian,Non-Hispanic
OAS42332,Male,College,White/Caucasian,Non-Hispanic
OAS42333,Male,Post Graduate,White/Caucasian,Non-Hispanic
OAS42334,Male,College,White/Caucasian,Non-Hispanic
OAS42335,Female,College,White/Caucasian,Non-Hispanic
OAS42336,Male,High School,White/Caucasian,Non-Hispanic
OAS42337,Male,High School,White/Caucasian,Non-Hispanic
OAS42338,Female,College,Black or African American,Non-Hispanic
OAS42340,Male,High School,White/Caucasian,Non-Hispanic
OAS42341,Female,College,White/Caucasian,Non-Hispanic
OAS42342,Male,High School,White/Caucasian,Non-Hispanic
OAS42343,Female,College,White/Caucasian,Non-Hispanic
OAS42344,Male,Post Graduate,White/Caucasian,Non-Hispanic
OAS42345,Female,College,White/Caucasian,Non-Hispanic
OAS42346,Male,Grade School,Black or African American,Non-Hispanic
OAS42347,Female,High School,White/Caucasian,Non-Hispanic
OAS42348,Male,High School,Black or African American,Non-Hispanic
OAS42350,Female,Unknown,White/Caucasian,Non-Hispanic
OAS42351,Female,High School,White/Caucasian,Non-Hispanic
OAS42352,Female,College,White/Caucasian,Non-Hispanic
OAS42353,Female,High School,White/Caucasian,Non-Hispanic
OAS42354,Female,Post Graduate,White/Caucasian,Non-Hispanic
OAS42355,Female,High School,Black or African American,Non-Hispanic
OAS42356,Male,High School,White/Caucasian,Non-Hispanic
OAS42357,Male,High School,White/Caucasian,Non-Hispanic
OAS42358,Male,Post Graduate,White/Caucasian,Non-Hispanic
OAS42359,Male,Post Graduate,White/Caucasian,Non-Hispanic
OAS42361,Female,High School,White/Caucasian,Non-Hispanic
OAS42362,Male,High School,White/Caucasian,Non-Hispanic
OAS42363,Female,Post Graduate,White/Caucasian,Non-Hispanic
OAS42364,Female,High School,White/Caucasian,Non-Hispanic
OAS42365,Female,High School,White/Caucasian,Non-Hispanic
OAS42366,Male,Post Graduate,White/Caucasian,Non-Hispanic
OAS42367,Male,High School,Black or African American,Non-Hispanic
OAS42368,Male,High School,White/Caucasian,Non-Hispanic
OAS42369,Male,College,White/Caucasian,Non-Hispanic
OAS42370,Female,High School,White/Caucasian,Non-Hispanic
OAS42371,Male,Post Graduate,White/Caucasian,Non-Hispanic
OAS42372,Male,College,White/Caucasian,Non-Hispanic
OAS42373,Male,College,White/Caucasian,Non-Hispanic
OAS42374,Female,Post Graduate,White/Caucasian,Non-Hispanic
OAS42375,Female,High School,White/Caucasian,Non-Hispanic
OAS42376,Female,High School,White/Caucasian,Non-Hispanic
OAS42377,Female,Post Graduate,White/Caucasian,Non-Hispanic
OAS42378,Male,College,White/Caucasian,Non-Hispanic
OAS42379,Female,High School,Black or African American,Non-Hispanic
OAS42380,Female,Grade School,Black or African American,Non-Hispanic
OAS42381,Female,Post Graduate,White/Caucasian,Non-Hispanic
OAS42382,Female,High School,White/Caucasian,Non-Hispanic
OAS42383,Male,Post Graduate,White/Caucasian,Non-Hispanic
OAS42384,Female,Grade School,Black or African American,Non-Hispanic
OAS42385,Male,Post Graduate,White/Caucasian,Non-Hispanic
OAS42386,Male,Post Graduate,White/Caucasian,Non-Hispanic
OAS42387,Female,Post Graduate,White/Caucasian,Non-Hispanic
OAS42388,Female,College,White/Caucasian,Non-Hispanic
OAS42389,Female,Unknown,White/Caucasian,Unknown
OAS42390,Male,College,White/Caucasian,Non-Hispanic
OAS42391,Female,High School,White/Caucasian,Non-Hispanic
OAS42392,Female,College,White/Caucasian,Non-Hispanic
OAS42393,Male,High School,White/Caucasian,Unknown
OAS42394,Male,Post Graduate,White/Caucasian,Non-Hispanic
OAS42395,Male,Post Graduate,White/Caucasian,Non-Hispanic
OAS42396,Male,Post Graduate,White/Caucasian,Non-Hispanic
OAS42397,Male,Unknown,White/Caucasian,Non-Hispanic
OAS42398,Female,High School,White/Caucasian,Non-Hispanic
OAS42399,Female,College,Black or African American,Non-Hispanic
OAS42400,Female,College,White/Caucasian,Non-Hispanic
OAS42401,Male,Unknown,White/Caucasian,Unknown
OAS42402,Female,High School,White/Caucasian,Non-Hispanic
OAS42403,Male,Post Graduate,White/Caucasian,Non-Hispanic
OAS42404,Female,High School,White/Caucasian,Non-Hispanic
OAS42405,Female,High School,White/Caucasian,Non-Hispanic
OAS42406,Male,High School,Black or African American,Unknown
OAS42407,Male,College,White/Caucasian,Unknown
OAS42408,Male,Grade School,Black or African American,Non-Hispanic
OAS42409,Male,High School,White/Caucasian,Non-Hispanic
OAS42410,Female,Post Graduate,White/Caucasian,Unknown
OAS42411,Male,Post Graduate,AsianOther,Non-Hispanic
OAS42412,Female,High School,White/Caucasian,Unknown
OAS42413,Female,Grade School,White/Caucasian,Non-Hispanic
OAS42414,Male,College,White/Caucasian,Non-Hispanic
OAS42415,Female,High School,White/Caucasian,Non-Hispanic
OAS42416,Female,College,White/Caucasian,Non-Hispanic
OAS42417,Male,High School,White/Caucasian,Non-Hispanic
OAS42418,Male,High School,Black or African American,Non-Hispanic
OAS42419,Female,Post Graduate,White/Caucasian,Non-Hispanic
OAS42420,Female,High School,Black or African American,Non-Hispanic
OAS42421,Female,High School,White/Caucasian,Unknown
OAS42422,Male,Post Graduate,White/Caucasian,Non-Hispanic
OAS42423,Male,High School,White/Caucasian,Non-Hispanic
OAS42424,Female,High School,White/Caucasian,Non-Hispanic
OAS42425,Male,High School,White/Caucasian,Non-Hispanic
OAS42426,Male,Post Graduate,White/Caucasian,Non-Hispanic
OAS42427,Male,Post Graduate,White/Caucasian,Non-Hispanic
OAS42428,Male,Post Graduate,White/Caucasian,Non-Hispanic
OAS42430,Male,High School,White/Caucasian,Non-Hispanic
OAS42432,Female,High School,White/Caucasian,Non-Hispanic
OAS42433,Female,College,White/Caucasian,Non-Hispanic
OAS42434,Female,Unknown,White/Caucasian,Non-Hispanic
OAS42435,Male,High School,White/Caucasian,Non-Hispanic
OAS42436,Female,Grade School,White/Caucasian,Non-Hispanic
OAS42437,Male,High School,White/Caucasian,Non-Hispanic
OAS42438,Male,Post Graduate,White/Caucasian,Non-Hispanic
OAS42439,Male,High School,White/Caucasian,Non-Hispanic
OAS42440,Female,High School,White/Caucasian,Non-Hispanic
OAS42441,Male,Post Graduate,White/Caucasian,Non-Hispanic
OAS42442,Female,College,White/Caucasian,Non-Hispanic
OAS42443,Male,Post Graduate,White/Caucasian,Non-Hispanic
OAS42444,Female,Grade School,American Indian or Alaska Native,Non-Hispanic
OAS42445,Female,Post Graduate,White/Caucasian,Non-Hispanic
OAS42446,Female,Unknown,White/Caucasian,Non-Hispanic
OAS42447,Female,High School,Black or African American,Non-Hispanic
OAS42448,Male,College,White/Caucasian,Non-Hispanic
OAS42449,Male,Post Graduate,White/Caucasian,Non-Hispanic
OAS42450,Male,College,White/Caucasian,Unknown
OAS42451,Male,College,White/Caucasian,Non-Hispanic
OAS42452,Male,Post Graduate,White/Caucasian,Non-Hispanic
OAS42453,Male,College,White/Caucasian,Non-Hispanic
OAS42454,Female,Unknown,Black or African American,Unknown
OAS42455,Male,College,White/Caucasian,Non-Hispanic
OAS42456,Male,Post Graduate,White/Caucasian,Non-Hispanic
OAS42457,Male,Post Graduate,White/Caucasian,Unknown
OAS42458,Male,High School,White/Caucasian,Non-Hispanic
OAS42459,Female,High School,White/Caucasian,Non-Hispanic
OAS42460,Male,High School,White/Caucasian,Non-Hispanic
OAS42461,Female,High School,White/Caucasian,Non-Hispanic
OAS42462,Female,Unknown,White/Caucasian,Non-Hispanic
OAS42463,Female,High School,White/Caucasian,Non-Hispanic
OAS42464,Male,High School,White/Caucasian,Non-Hispanic
OAS42465,Female,High School,White/Caucasian,Non-Hispanic
OAS42466,Female,Post Graduate,White/Caucasian,Non-Hispanic
OAS42467,Male,Post Graduate,White/Caucasian,Non-Hispanic
OAS42468,Male,Post Graduate,White/Caucasian,Non-Hispanic
OAS42469,Female,Unknown,White/Caucasian,Non-Hispanic
OAS42470,Female,Grade School,White/Caucasian,Non-Hispanic
OAS42471,Female,High School,White/Caucasian,Non-Hispanic
OAS42472,Female,College,AsianOther,Non-Hispanic
OAS42473,Male,College,White/Caucasian,Non-Hispanic
OAS42474,Female,High School,White/Caucasian,Non-Hispanic
OAS42475,Female,High School,White/Caucasian,Non-Hispanic
OAS42476,Female,High School,White/Caucasian,Unknown
OAS42477,Female,College,White/Caucasian,Hispanic/Latino
OAS42478,Female,Unknown,White/Caucasian,Non-Hispanic
OAS42479,Male,Post Graduate,White/Caucasian,Non-Hispanic
OAS42480,Female,Unknown,White/Caucasian,Non-Hispanic
OAS42481,Female,High School,White/Caucasian,Non-Hispanic
OAS42482,Female,Unknown,White/Caucasian,Non-Hispanic
OAS42483,Male,High School,White/Caucasian,Unknown
OAS42484,Female,High School,White/Caucasian,Non-Hispanic
OAS42485,Female,High School,White/Caucasian,Non-Hispanic
OAS42487,Male,Unknown,White/Caucasian,Non-Hispanic
OAS42488,Female,Post Graduate,White/Caucasian,Non-Hispanic
OAS42489,Male,Post Graduate,White/Caucasian,Non-Hispanic
OAS42490,Male,High School,White/Caucasian,Non-Hispanic
OAS42491,Male,Post Graduate,White/Caucasian,Non-Hispanic
OAS42492,Male,Post Graduate,Black or African American,Non-Hispanic
OAS42493,Male,College,White/Caucasian,Non-Hispanic
OAS42494,Male,High School,White/Caucasian,Non-Hispanic
OAS42495,Male,High School,White/Caucasian,Non-Hispanic
OAS42497,Male,High School,White/Caucasian,Non-Hispanic
OAS42498,Male,High School,White/Caucasian,Non-Hispanic
OAS42499,Female,Post Graduate,White/Caucasian,Non-Hispanic
OAS42500,Female,High School,White/Caucasian,Non-Hispanic
OAS42501,Male,Post Graduate,White/Caucasian,Non-Hispanic
OAS42502,Male,Post Graduate,White/Caucasian,Non-Hispanic
OAS42503,Male,Post Graduate,AsianOther,Non-Hispanic
OAS42504,Male,High School,White/Caucasian,Non-Hispanic
OAS42505,Female,High School,Black or African American,Non-Hispanic
OAS42506,Male,High School,White/Caucasian,Unknown
OAS42507,Male,High School,White/Caucasian,Non-Hispanic
OAS42508,Female,High School,White/Caucasian,Non-Hispanic
OAS42509,Female,High School,Asian,Non-Hispanic
OAS42510,Female,High School,White/Caucasian,Non-Hispanic
OAS42511,Male,Unknown,White/Caucasian,Non-Hispanic
OAS42513,Female,Post Graduate,White/Caucasian,Non-Hispanic
OAS42514,Male,Post Graduate,White/Caucasian,Non-Hispanic
OAS42515,Male,High School,White/Caucasian,Non-Hispanic
OAS42516,Male,High School,White/Caucasian,Non-Hispanic
OAS42517,Female,High School,White/Caucasian,Non-Hispanic
OAS42518,Female,High School,White/Caucasian,Non-Hispanic
OAS42519,Male,High School,White/Caucasian,Non-Hispanic
OAS42520,Female,College,White/Caucasian,Non-Hispanic
OAS42521,Male,College,White/Caucasian,Non-Hispanic
OAS42522,Male,High School,White/Caucasian,Unknown
OAS42523,Female,High School,White/Caucasian,Unknown
OAS42524,Male,High School,White/Caucasian,Non-Hispanic
OAS42525,Female,High School,White/Caucasian,Non-Hispanic
OAS42527,Male,Post Graduate,White/Caucasian,Non-Hispanic
OAS42528,Male,College,White/Caucasian,Non-Hispanic
OAS42529,Male,High School,White/Caucasian,Non-Hispanic
OAS42530,Female,College,White/Caucasian,Non-Hispanic
OAS42531,Male,Post Graduate,White/Caucasian,Non-Hispanic
OAS42532,Female,High School,White/Caucasian,Non-Hispanic
OAS42533,Female,College,White/Caucasian,Non-Hispanic
OAS42536,Female,Post Graduate,White/Caucasian,Non-Hispanic
OAS42537,Male,College,White/Caucasian,Non-Hispanic
OAS42538,Female,High School,White/Caucasian,Non-Hispanic
OAS42539,Male,High School,White/Caucasian,Non-Hispanic
OAS42540,Female,Post Graduate,White/Caucasian,Non-Hispanic
OAS42541,Female,Unknown,White/Caucasian,Non-Hispanic
OAS42542,Female,Post Graduate,White/Caucasian,Non-Hispanic
OAS42543,Female,College,White/Caucasian,Non-Hispanic
OAS42544,Female,High School,White/Caucasian,Non-Hispanic
OAS42545,Female,High School,White/Caucasian,Non-Hispanic
OAS42546,Female,Post Graduate,White/Caucasian,Non-Hispanic
OAS42547,Male,High School,Black or African American,Non-Hispanic
OAS42548,Male,High School,White/Caucasian,Non-Hispanic
OAS42549,Female,College,White/Caucasian,Non-Hispanic
OAS42551,Female,High School,White/Caucasian,Non-Hispanic
OAS42552,Female,High School,White/Caucasian,Unknown
OAS42553,Female,College,White/Caucasian,Non-Hispanic
OAS42554,Female,College,White/Caucasian,Non-Hispanic
OAS42555,Male,Post Graduate,Asian,Non-Hispanic
OAS42556,Male,College,White/Caucasian,Non-Hispanic
OAS42557,Female,High School,White/Caucasian,Non-Hispanic
OAS42558,Female,College,White/Caucasian,Non-Hispanic
OAS42559,Male,College,White/Caucasian,Non-Hispanic
OAS42560,Female,High School,White/Caucasian,Non-Hispanic
OAS42561,Male,Grade School,White/Caucasian,Non-Hispanic
OAS42562,Female,Post Graduate,White/Caucasian,Non-Hispanic
OAS42563,Male,High School,White/Caucasian,Non-Hispanic
OAS42564,Female,High School,White/Caucasian,Unknown
OAS42565,Male,High School,White/Caucasian,Non-Hispanic
OAS42566,Male,College,White/Caucasian,Non-Hispanic
OAS42567,Female,High School,White/Caucasian,Non-Hispanic
OAS42568,Male,Post Graduate,Asian,Non-Hispanic
OAS42569,Male,High School,White/Caucasian,Non-Hispanic
OAS42570,Female,College,White/Caucasian,Non-Hispanic
OAS42571,Male,College,White/Caucasian,Non-Hispanic
OAS42573,Female,College,White/Caucasian,Non-Hispanic
OAS42574,Male,College,White/Caucasian,Non-Hispanic
OAS42575,Male,College,Black or African American,Non-Hispanic
OAS42578,Female,Post Graduate,White/Caucasian,Non-Hispanic
OAS42579,Female,Unknown,Black or African American,Non-Hispanic
OAS42580,Female,Post Graduate,White/Caucasian,Non-Hispanic
OAS42581,Male,Post Graduate,White/Caucasian,Non-Hispanic
OAS42582,Male,High School,White/Caucasian,Non-Hispanic
OAS42583,Female,College,White/Caucasian,Non-Hispanic
OAS42584,Male,Post Graduate,White/Caucasian,Non-Hispanic
OAS42585,Male,College,White/Caucasian,Non-Hispanic
OAS42586,Female,College,White/Caucasian,Non-Hispanic
OAS42587,Male,High School,White/Caucasian,Non-Hispanic
OAS42588,Female,High School,White/Caucasian,Non-Hispanic
OAS42589,Male,Post Graduate,White/Caucasian,Non-Hispanic
OAS42590,Male,Grade School,White/Caucasian,Hispanic/Latino
OAS42591,Female,High School,White/Caucasian,Non-Hispanic
OAS42592,Male,College,White/Caucasian,Non-Hispanic
OAS42593,Male,High School,White/Caucasian,Non-Hispanic
OAS42595,Female,Grade School,White/Caucasian,Non-Hispanic
OAS42596,Female,High School,White/Caucasian,Non-Hispanic
OAS42597,Female,High School,White/Caucasian,Non-Hispanic
OAS42598,Male,Grade School,White/Caucasian,Non-Hispanic
OAS42599,Female,Grade School,White/Caucasian,Non-Hispanic
OAS42600,Male,College,White/Caucasian,Non-Hispanic
OAS42601,Male,Post Graduate,White/Caucasian,Non-Hispanic
OAS42602,Female,Post Graduate,Black or African American,Non-Hispanic
OAS42603,Female,Post Graduate,White/Caucasian,Non-Hispanic
OAS42604,Female,Post Graduate,Black or African American,Non-Hispanic
OAS42605,Female,College,White/Caucasian,Non-Hispanic
OAS42606,Female,High School,White/Caucasian,Non-Hispanic
OAS42607,Male,Post Graduate,White/Caucasian,Non-Hispanic
OAS42608,Male,Post Graduate,White/Caucasian,Non-Hispanic
OAS42609,Male,College,White/Caucasian,Non-Hispanic
OAS42611,Male,Post Graduate,White/Caucasian,Unknown
OAS42612,Male,Post Graduate,White/Caucasian,Non-Hispanic
OAS42613,Male,College,White/Caucasian,Non-Hispanic
OAS42614,Male,College,White/Caucasian,Non-Hispanic
OAS42615,Male,High School,White/Caucasian,Non-Hispanic
OAS42616,Female,College,White/Caucasian,Non-Hispanic
OAS42617,Male,College,White/Caucasian,Non-Hispanic
OAS42618,Female,High School,White/Caucasian,Non-Hispanic
OAS42619,Male,College,White/Caucasian,Non-Hispanic
OAS42620,Male,High School,White/Caucasian,Non-Hispanic
OAS42621,Male,Grade School,Black or African American,Non-Hispanic
OAS42622,Female,Post Graduate,White/Caucasian,Non-Hispanic
OAS42623,Male,Unknown,White/Caucasian,Non-Hispanic
OAS42624,Male,Post Graduate,White/Caucasian,Non-Hispanic
OAS42625,Female,High School,White/Caucasian,Non-Hispanic
OAS42627,Female,Post Graduate,White/Caucasian,Non-Hispanic
OAS42628,Male,College,White/Caucasian,Non-Hispanic
OAS42629,Female,High School,White/Caucasian,Non-Hispanic
OAS42630,Female,High School,Black or African American,Non-Hispanic
OAS42631,Male,Post Graduate,White/Caucasian,Non-Hispanic
OAS42634,Male,Grade School,White/Caucasian,Non-Hispanic
OAS42635,Female,College,White/Caucasian,Non-Hispanic
OAS42636,Male,College,White/Caucasian,Non-Hispanic
OAS42637,Female,College,White/Caucasian,Non-Hispanic
OAS42638,Male,Post Graduate,White/Caucasian,Non-Hispanic
OAS42639,Male,Post Graduate,White/Caucasian,Non-Hispanic
OAS42640,Female,High School,White/Caucasian,Non-Hispanic
OAS42641,Male,High School,White/Caucasian,Non-Hispanic
OAS42642,Male,College,White/Caucasian,Non-Hispanic
OAS42643,Female,High School,White/Caucasian,Non-Hispanic
OAS42644,Female,High School,White/Caucasian,Non-Hispanic
OAS42645,Male,College,White/Caucasian,Unknown
OAS42646,Female,High School,White/Caucasian,Non-Hispanic
OAS42647,Female,Unknown,White/Caucasian,Non-Hispanic
OAS42648,Male,College,White/Caucasian,Non-Hispanic
OAS42650,Male,College,White/Caucasian,Non-Hispanic
OAS42651,Female,High School,White/Caucasian,Non-Hispanic
OAS42652,Female,Unknown,White/Caucasian,Non-Hispanic
OAS42653,Male,High School,White/Caucasian,Non-Hispanic
OAS42655,Female,Post Graduate,White/Caucasian,Non-Hispanic
OAS42656,Female,College,White/Caucasian,Non-Hispanic
OAS42657,Male,Post Graduate,White/Caucasian,Unknown
OAS42658,Male,Post Graduate,White/Caucasian,Non-Hispanic
OAS42659,Female,High School,White/Caucasian,Non-Hispanic
OAS42660,Female,High School,White/Caucasian,Non-Hispanic
OAS42661,Female,Unknown,White/Caucasian,Non-Hispanic
OAS42662,Female,Grade School,White/Caucasian,Non-Hispanic
OAS42663,Male,Post Graduate,White/Caucasian,Non-Hispanic
OAS42664,Male,Unknown,White/Caucasian,Non-Hispanic
OAS42665,Female,Unknown,White/Caucasian,Non-Hispanic
OAS42666,Male,High School,White/Caucasian,Non-Hispanic
OAS42667,Female,Post Graduate,White/Caucasian,Non-Hispanic
OAS42668,Male,Post Graduate,White/Caucasian,Non-Hispanic
OAS42669,Male,Post Graduate,White/Caucasian,Non-Hispanic
OAS42670,Female,College,White/Caucasian,Non-Hispanic
OAS42671,Male,High School,White/Caucasian,Non-Hispanic
OAS42672,Male,Post Graduate,White/Caucasian,Non-Hispanic
OAS42674,Male,High School,White/Caucasian,Non-Hispanic
OAS42675,Female,High School,White/Caucasian,Non-Hispanic
OAS42676,Male,Post Graduate,White/Caucasian,Non-Hispanic
OAS42677,Male,High School,White/Caucasian,Non-Hispanic
OAS42678,Male,High School,White/Caucasian,Non-Hispanic
OAS42681,Male,Post Graduate,White/Caucasian,Non-Hispanic
OAS42682,Male,Post Graduate,White/Caucasian,Non-Hispanic
OAS42683,Female,High School,White/Caucasian,Unknown
OAS42684,Male,College,White/Caucasian,Unknown
OAS42687,Female,High School,White/Caucasian,Unknown
OAS42688,Female,College,Black or African American,Non-Hispanic
OAS42689,Female,High School,White/Caucasian,Non-Hispanic
OAS42690,Female,Unknown,Black or African American,Non-Hispanic
OAS42691,Female,High School,White/Caucasian,Non-Hispanic
OAS42692,Male,High School,Black or African American,Non-Hispanic
OAS42693,Female,High School,White/Caucasian,Non-Hispanic
OAS42695,Female,Post Graduate,Asian,Non-Hispanic
OAS42696,Male,College,Asian,Non-Hispanic
OAS42697,Male,Unknown,White/Caucasian,Non-Hispanic
OAS42698,Male,High School,White/Caucasian,Non-Hispanic
OAS42699,Female,Post Graduate,Asian,Non-Hispanic
OAS42700,Male,High School,White/Caucasian,Non-Hispanic
OAS42701,Female,High School,White/Caucasian,Non-Hispanic
OAS42702,Male,Post Graduate,White/Caucasian,Non-Hispanic
OAS42703,Female,High School,Black or African American,Non-Hispanic
OAS42704,Male,College,Asian,Non-Hispanic
OAS42706,Female,High School,White/Caucasian,Unknown
OAS42707,Female,High School,White/Caucasian,Non-Hispanic
OAS42709,Female,College,White/Caucasian,Non-Hispanic
OAS42710,Female,Post Graduate,White/Caucasian,Non-Hispanic
OAS42711,Male,High School,White/Caucasian,Non-Hispanic
OAS42712,Male,Post Graduate,White/Caucasian,Non-Hispanic
OAS42713,Male,Post Graduate,White/Caucasian,Non-Hispanic
OAS42714,Female,High School,White/Caucasian,Non-Hispanic
OAS42715,Male,High School,White/Caucasian,Non-Hispanic
OAS42716,Female,Post Graduate,White/Caucasian,Non-Hispanic
OAS42717,Female,Unknown,White/Caucasian,Non-Hispanic
OAS42718,Female,Post Graduate,White/Caucasian,Non-Hispanic
OAS42719,Female,High School,White/Caucasian,Non-Hispanic
OAS42720,Female,High School,Black or African American,Non-Hispanic
OAS42721,Female,Post Graduate,Black or African American,Non-Hispanic
OAS42724,Female,Post Graduate,White/Caucasian,Non-Hispanic
OAS42725,Male,College,White/Caucasian,Non-Hispanic
OAS42726,Female,College,White/Caucasian,Non-Hispanic
OAS42727,Male,Post Graduate,White/Caucasian,Non-Hispanic
